Region;Deutschland;Regionsschlüssel:;d;b
Gebietsstand;Mai 26;;;
Berichtsmonat;Zeitreihe;;;
Datenstand;Mai 26;;;
Rechtskreis;Insgesamt;;;
;;;;
;;;;
Berichtsmonat ;Bestand Arbeitslose ;Zugang Arbeitslose ;Abgang Arbeitslose ;Arbeitslosenquote 
Mai 26;2.950.460;552.230;609.940;6,3
Apr 26;3.008.160;599.760;612.840;6,4
Mrz 26;3.021.230;585.020;633.740;6,4
Feb 26;3.069.940;576.630;591.320;6,5
Jan 26;3.084.610;651.740;475.130;6,6
Dez 25;2.907.990;567.990;545.090;6,2
Nov 25;2.885.090;548.480;574.130;6,1
Okt 25;2.910.750;618.570;662.580;6,2
Sep 25;2.954.750;547.530;617.920;6,3
Aug 25;3.025.140;599.220;553.570;6,4
Jul 25;2.979.490;611.780;546.540;6,3
Jun 25;2.914.260;522.320;527.190;6,2
Mai 25;2.919.140;547.690;560.130;6,2
Apr 25;2.931.550;562.010;597.530;6,3
Mrz 25;2.967.080;577.380;599.530;6,4
Feb 25;2.989.220;585.600;589.050;6,4
Jan 25;2.992.660;625.980;439.960;6,4
Dez 24;2.806.630;562.260;529.670;6
Nov 24;2.774.030;554.830;571.350;5,9
Okt 24;2.790.530;614.150;629.990;6
Sep 24;2.806.360;536.900;602.450;6
Aug 24;2.871.910;591.370;528.180;6,1
Jul 24;2.808.720;639.110;556.970;6
Jun 24;2.726.570;501.830;497.800;5,8
Mai 24;2.722.550;530.150;557.170;5,8
Apr 24;2.749.580;594.500;614.220;6
Mrz 24;2.769.280;544.550;589.090;6
Feb 24;2.813.810;579.240;570.810;6,1
Jan 24;2.805.380;633.170;464.430;6,1
Dez 23;2.636.730;557.170;526.200;5,7
Nov 23;2.605.730;552.180;553.570;5,6
Okt 23;2.607.120;547.140;567.130;5,7
Sep 23;2.627.100;519.570;588.300;5,7
Aug 23;2.695.830;608.750;530.110;5,8
Jul 23;2.617.190;557.300;495.040;5,7
Jun 23;2.554.980;512.780;501.520;5,5
Mai 23;2.543.740;480.070;521.980;5,5
Apr 23;2.585.680;554.070;562.160;5,7
Mrz 23;2.593.770;511.820;538.220;5,7
Feb 23;2.620.170;578.700;574.510;5,7
Jan 23;2.616.020;570.110;407.920;5,7
Dez 22;2.453.880;524.930;505.060;5,4
Nov 22;2.434.020;531.660;539.980;5,3
Okt 22;2.442.350;544.180;587.590;5,3
Sep 22;2.485.740;544.760;606.360;5,4
Aug 22;2.547.340;579.820;502.710;5,6
Jul 22;2.470.240;577.240;469.890;5,4
Jun 22;2.362.890;565.700;462.460;5,2
Mai 22;2.259.650;435.200;484.760;4,9
Apr 22;2.309.210;470.250;523.200;5
Mrz 22;2.362.160;437.160;502.950;5,1
Feb 22;2.427.960;498.770;532.980;5,3
Jan 22;2.462.160;531.340;398.670;5,4
Dez 21;2.329.530;500.800;488.350;5,1
Nov 21;2.317.070;466.150;526.000;5,1
Okt 21;2.376.930;476.910;564.780;5,2
Sep 21;2.464.790;498.150;611.830;5,4
Aug 21;2.578.470;523.680;535.520;5,6
Jul 21;2.590.310;489.250;512.730;5,6
Jun 21;2.613.830;432.020;505.400;5,7
Mai 21;2.687.190;436.860;520.910;5,9
Apr 21;2.771.230;497.980;554.210;6
Mrz 21;2.827.450;430.230;507.200;6,2
Feb 21;2.904.410;473.010;469.270;6,3
Jan 21;2.900.660;598.660;405.260;6,3
Dez 20;2.707.240;482.430;474.320;5,9
Nov 20;2.699.130;506.820;567.480;5,9
Okt 20;2.759.780;534.670;622.040;6
Sep 20;2.847.150;496.680;605.010;6,2
Aug 20;2.955.490;524.590;479.120;6,4
Jul 20;2.910.010;471.500;414.830;6,3
Jun 20;2.853.310;418.630;378.320;6,2
Mai 20;2.812.990;484.300;315.060;6,1
Apr 20;2.643.740;667.530;359.160;5,8
Mrz 20;2.335.370;584.760;645.000;5,1
Feb 20;2.395.600;599.800;629.710;5,3
Jan 20;2.425.520;673.900;475.550;5,3
Dez 19;2.227.160;572.050;524.890;4,9
Nov 19;2.180.000;575.280;599.370;4,8
Okt 19;2.204.090;629.680;659.620;4,8
Sep 19;2.234.030;593.970;679.350;4,9
Aug 19;2.319.410;643.550;599.610;5,1
Jul 19;2.275.460;584.540;525.330;5
Jun 19;2.216.240;562.780;582.510;4,9
Mai 19;2.235.970;592.680;585.590;4,9
Apr 19;2.228.880;586.780;659.020;4,9
Mrz 19;2.301.120;587.810;659.380;5,1
Feb 19;2.372.700;624.560;657.440;5,3
Jan 19;2.405.590;689.480;493.420;5,3
Dez 18;2.209.550;584.060;560.620;4,9
Nov 18;2.186.110;602.070;619.810;4,8
Okt 18;2.203.850;582.710;635.320;4,9
Sep 18;2.256.470;574.660;669.050;5
Aug 18;2.350.880;633.560;607.440;5,2
Jul 18;2.324.750;635.630;586.680;5,1
Jun 18;2.275.790;508.860;548.550;5
Mai 18;2.315.490;588.870;657.130;5,1
Apr 18;2.383.750;569.090;643.460;5,3
Mrz 18;2.458.110;603.750;691.570;5,5
Feb 18;2.545.940;662.060;686.440;5,7
Jan 18;2.570.310;667.190;481.830;5,8
Dez 17;2.384.960;579.230;562.680;5,3
Nov 17;2.368.410;629.420;649.720;5,3
Okt 17;2.388.710;606.470;666.670;5,4
Sep 17;2.448.910;591.410;687.350;5,5
Aug 17;2.544.850;670.410;643.210;5,7
Jul 17;2.517.650;649.720;604.700;5,6
Jun 17;2.472.640;531.280;556.360;5,5
Mai 17;2.497.720;608.910;679.810;5,6
Apr 17;2.568.610;636.880;730.370;5,8
Mrz 17;2.662.110;627.170;727.140;6
Feb 17;2.762.100;711.310;726.600;6,3
Jan 17;2.777.390;711.900;502.790;6,3
Dez 16;2.568.270;641.550;605.250;5,8
Nov 16;2.531.980;651.570;659.530;5,7
Okt 16;2.539.940;642.040;709.710;5,8
Sep 16;2.607.610;648.140;724.820;5,9
Aug 16;2.684.290;653.180;629.890;6,1
Jul 16;2.661.040;657.540;610.720;6
Jun 16;2.614.220;589.100;638.900;5,9
Mai 16;2.664.010;577.580;657.430;6
Apr 16;2.743.860;600.230;701.260;6,3
Mrz 16;2.844.890;601.880;668.090;6,5
Feb 16;2.911.170;676.630;685.890;6,6
Jan 16;2.920.420;764.820;525.770;6,7
Dez 15;2.681.420;591.340;543.100;6,1
Nov 15;2.633.160;613.280;629.390;6
Okt 15;2.649.280;595.810;654.560;6
Sep 15;2.708.040;643.270;730.780;6,2
Aug 15;2.795.600;645.010;622.040;6,4
Jul 15;2.772.640;599.840;538.390;6,3
Jun 15;2.711.190;587.540;638.050;6,2
Mai 15;2.761.700;542.600;623.740;6,3
Apr 15;2.842.840;660.320;748.960;6,5
Mrz 15;2.931.510;633.550;718.990;6,8
Feb 15;3.017.000;630.790;645.350;6,9
Jan 15;3.031.600;773.290;505.030;7
Dez 14;2.763.520;626.290;579.740;6,4
Nov 14;2.716.850;611.920;627.840;6,3
Okt 14;2.732.770;665.750;740.790;6,3
Sep 14;2.807.810;613.540;707.500;6,5
Aug 14;2.901.820;641.140;610.650;6,7
Jul 14;2.871.350;667.660;629.110;6,6
Jun 14;2.832.780;548.440;597.690;6,5
Mai 14;2.882.030;598.210;659.520;6,6
Apr 14;2.943.340;612.160;723.550;6,8
Mrz 14;3.054.720;628.080;711.230;7,1
Feb 14;3.137.870;634.420;632.360;7,3
Jan 14;3.135.800;801.400;539.410;7,3
Dez 13;2.873.810;624.500;556.840;6,7
Nov 13;2.806.150;610.750;605.790;6,5
Okt 13;2.801.190;670.880;718.620;6,5
Sep 13;2.848.950;634.580;731.300;6,6
Aug 13;2.945.710;709.210;677.530;6,8
Jul 13;2.914.100;659.840;610.420;6,8
Jun 13;2.864.670;553.010;625.260;6,6
Mai 13;2.936.920;609.690;692.990;6,8
Apr 13;3.020.280;616.510;694.050;7,1
Mrz 13;3.097.820;638.980;697.210;7,3
Feb 13;3.156.250;652.680;634.610;7,4
Jan 13;3.138.230;797.690;499.190;7,4
Dez 12;2.839.820;656.530;568.160;6,7
Nov 12;2.751.490;620.320;622.170;6,5
Okt 12;2.753.360;650.770;685.510;6,5
Sep 12;2.788.250;609.140;726.080;6,5
Aug 12;2.905.110;705.470;676.160;6,8
Jul 12;2.875.970;651.120;584.150;6,8
Jun 12;2.809.110;520.650;566.720;6,6
Mai 12;2.855.270;623.930;731.820;6,7
Apr 12;2.963.570;614.720;679.530;7
Mrz 12;3.028.410;627.110;708.490;7,2
Feb 12;3.110.440;655.690;628.040;7,4
Jan 12;3.084.710;837.620;539.140;7,3
Dez 11;2.780.980;671.710;604.540;6,6
Nov 11;2.713.810;695.950;719.810;6,4
Okt 11;2.737.670;606.590;665.230;6,5
Sep 11;2.796.310;636.130;785.290;6,6
Aug 11;2.945.550;747.790;742.200;7
Jul 11;2.939.950;686.480;640.530;7
Jun 11;2.893.990;645.730;712.360;6,9
Mai 11;2.960.620;588.850;706.760;7
Apr 11;3.078.570;650.930;783.470;7,3
Mrz 11;3.211.230;650.820;752.350;7,6
Feb 11;3.313.210;700.810;733.910;7,9
Jan 11;3.345.970;932.140;598.030;7,9
Dez 10;3.011.590;744.590;659.980;7,1
Nov 10;2.926.970;746.560;760.600;6,9
Okt 10;2.941.020;696.970;782.780;7
Sep 10;3.026.830;705.320;861.700;7,2
Aug 10;3.183.220;799.620;803.320;7,6
Jul 10;3.186.930;795.900;757.570;7,6
Jun 10;3.148.610;715.850;803.600;7,5
Mai 10;3.236.360;692.540;856.340;7,7
Apr 10;3.400.160;789.450;949.780;8,1
Mrz 10;3.560.490;730.370;805.220;8,5
Feb 10;3.635.350;759.220;733.830;8,6
Jan 10;3.610.050;970.370;628.520;8,6
Dez 09;3.268.170;744.320;684.200;7,8
Nov 09;3.208.040;738.310;751.470;7,6
Okt 09;3.221.210;735.140;852.820;7,7
Sep 09;3.338.880;759.270;883.830;7,9
Aug 09;3.463.440;742.360;733.340;8,2
Jul 09;3.454.500;803.600;751.180;8,2
Jun 09;3.402.050;706.430;753.520;8,1
Mai 09;3.449.220;673.440;799.420;8,2
Apr 09;3.575.260;825.380;826.380;8,5
Mrz 09;3.576.360;757.980;724.210;8,5
Feb 09;3.542.600;758.220;695.740;8,5
Jan 09;3.480.170;953.480;567.450;8,3
Dez 08;3.094.150;756.970;643.690;7,4
Nov 08;2.980.970;694.600;702.750;7,1
Okt 08;2.989.230;733.950;817.830;7,1
Sep 08;3.073.270;658.300;772.920;7,3
Aug 08;3.187.760;689.840;703.920;7,6
Jul 08;3.201.840;762.480;712.290;7,6
Jun 08;3.151.680;584.990;707.320;7,5
Mai 08;3.274.030;610.190;739.800;7,8
Apr 08;3.403.670;663.910;756.980;8,1
Mrz 08;3.496.860;642.150;751.440;8,3
Feb 08;3.606.080;644.870;686.700;8,6
Jan 08;3.647.910;856.960;604.140;8,7
Dez 07;3.395.220;660.140;631.830;8,1
Nov 07;3.366.880;669.260;723.780;8
Okt 07;3.421.390;695.530;804.740;8,2
Sep 07;3.530.640;673.130;834.200;8,4
Aug 07;3.691.890;671.520;680.410;8,8
Jul 07;3.701.000;775.270;746.800;8,8
Jun 07;3.672.930;578.000;700.850;8,8
Mai 07;3.795.940;572.720;734.890;9,1
;;;;
Exportdatum: ;26.06.2026;19:15:53;;
© Statistik der Bundesagentur für Arbeit;;;;
Die Produkte unterliegen dem Urheberrecht (siehe Impressum: https://statistik.arbeitsagentur.de/DE/Home/Service/Impressum/impressum_node.html). Daten und Tabellen dürfen uneingeschränkt verwendet werden. Informationen dürfen (auch auszugsweise) gespeichert und mit Quellenangabe weitergegeben, vervielfältigt und verbreitet werden. Die Inhalte dürfen nicht verändert oder verfälscht werden. Eigene Berechnungen sind erlaubt, jedoch als solche kenntlich zu machen. Im Fall einer Veröffentlichung im Internet soll dies mit einer Verlinkung auf die Homepage der Statistik der Bundesagentur für Arbeit (https://statistik.arbeitsagentur.de/) erfolgen.;;;;
